派系名稱,成員總數,核心領袖,所有成員
A,28,黃氏兄弟,彼得爸與蘇珊媽 | Ian&Eric | 胡子Huz | 這群人-董仔 | 阿翰po影片 | 有璟妍精요찡옌찡 | 這群人TGOP | 陳彥婷 | Bobo-TV | 小尾巴 | 三個麻瓜 | Candy-孟潔 | 恩熙俊-aka-MC-Jeng | 蕭志瑋 | 元-元 | 那那大師 | 瑀熙-Yuci | Joeman | 關韶文 | 囂搞-Shaogao | Aries艾瑞絲 | GINA-HELLO! | 3cTim哥生活的日常 | 我是阿樂-林妤臻 | 黃氏兄弟 | Yun-Chou | 安啾咪 | 魚乾
B,11,一隻阿圓,PEETA葛格 | 一隻阿圓 | 白癡公主 | 飽妮 | 見習網美小吳 | 這群人-尼克 | 魔術Channel---Davio | Evelyn-Chen-理科太太 | 紀卜心-Kimi | 那個女生-Kiki | Sandy-&-Mandy
C,7,Onion-man-洋蔥先生與阿文,木曜4超玩 | 鹿人 | 廚佛瑞德Fred | 志祺七七 | J-Bao賤葆 | 大蛇丸 | Onion-man-洋蔥先生與阿文
D,7,蔡哥,尤汐伯夷 | 鐵牛-Ironbull | How-Fun-如何爽 | 我得了一種吃菜就會死的病-微疼 | 廉傑克曼 | 千千進食中 | 蔡哥
E,5,滴妹,HOOK | 黃大謙 | 阿滴英文 | 貓貓蟲-咖波 | 滴妹
F,5,羚小鹿,琳妲-林羿禎 | 林進-飛醺卑鄙-fashion-baby | 小A辣 | Sunnie-陸筱晴 | 羚小鹿
G,4,江老師,卡特-Kart | 崔&雪莉&Jon | 江老師 | HahaTai-哈哈台
H,3,蔡阿嘎,嘎嫂二伯 | 蔡阿嘎 | 蔡桃貴
I,3,鵝鵝就是鵝鵝,咪妃Julia | 喪屍老爸 | 鵝鵝就是鵝鵝
J,2,阿啾繪圖同萌,阿啾繪圖同萌 | 啾啾妹-by-LIIN
K,2,上發條俱樂部,連環泡有芒果 | 上發條俱樂部
L,2,健人蓋伊,人類超有病-Baxuan | 健人蓋伊
M (其他小群),10,小葵-XiaoKui,Men's-Game-玩物誌 | 我是老爸-我不要當爸! | Six-Wang | 現在宅知道 | 閃電狼Flash-Wolves | 小葵-XiaoKui | 77老大 | 黃小米-Mii | Mom-&-Dad | 台灣吧
0-Degree (孤島),111,N/A,黃阿瑪的後宮生活 | 小象愛出門 | 那對夫妻 | PanSci-泛科學 | 欸你這週要幹嘛 | 好味小姐 | 那些電影教我的事 | 豆漿--Soybean-Milk | Andy老師 | 超認真少年-I'm-Serious | 三原慧悟-Sanyuan_JAPAN | KEOKI-BLACK布萊克薛薛 | 厭世甜點店 | 丹妮婊姐 | 泱泱LYNN | 丁特-Dinter | 愛里 | Ru's-Piano-Ru味春捲 | 愛莉莎莎-Alisasa | Charlene-Liu-查理 | 波蘭女孩x台灣男孩-在家環遊世界 | Emma艾瑪 | 蘿潔塔的廚房 | 百變沛莉-Peri | 蛋事超有事EggThings | 雨揚樂活家族 | 肉比頭Zoebitalk | 人生肥宅x尊 | 融融歷險記-Ben’s-Adventure | 星期天 | MaoMaoTV | 兔女狼 | 莫彩曦Hailey | 星光奈奈 | Gary蓋瑞 | Jason-Chen-陳以桐 | 台灣妞韓國媳 | cheap-鄭才暐 | 王宏哲教養、育兒寶典 | High咖-邱志恒 | Lobo-蘿蔔 | 鼻妹的廢話亂畫 | Sandy-珊迪 | 可可酒精 | 吃貨豪豪 | 電瀨少女-女孩的科技日常 | Ciao!-Kitchen | 超粒方 | 麻糬爸 | Lilyflute長笛姐姐 | Wecook123-料理123 | 泥泥汝niniru | 艾爾文 | DE-JuN | 小熊-Yuniko | IFBB-Pro-Lin-Ching-Chieh-林敬傑 | 找蔬食-Traveggo | Patti-Huang | 強運少女日本日記RU-in-Japan/ | 邱沁宜 | 阿淇博士-Dr.Achi | Ines-Wang | 史丹利視角的體育世界 | 豹子腿方昶詠 | 羅小白 | 阿慈車庫-Dream-garage | 痘疤醫生---莊盈彥醫師 | 英雄日常Heroisme | 籃靖玟 | Peter-Su | SMG-Sirenia海牛 | Coffee-Time | 魯蛋的頻道 | 含羞草日記 | 辣媽Shania | 傲嬌爸的養貓日常 | 胡采蘋-Emmy-Hu | LoganDBeck-小貝 | 林萱-Shiuan | 日本藥妝失心瘋 | Campfire營火部落 | BlaireChen-左撇子 | 莊政威-Cliff-Chuang | 貝莉莓 | 周小葳 | 柴犬Nana和阿楞的一天 | 維思維 | 肉肉Neneko | 牛排 | 希露弟弟啃雞腿 | 黃山料 | Natalie吳斐莉 | 黃帝筱清Virus | 村子裡的凱莉哥 | 老王-oldwang | 處女座媽媽的瑣碎日常 | 虎麗笑嗨嗨 | 老王愛說笑 | 崔咪Tramy | Cindy-H | MR.JOE-HOBBY.tv | Goris-Sky | 依梨 | 許允樂的老兵魂 | 鬧著玩娛樂 | 林淑芬2.0 | Meg-今天穿什麼 | 小凱老師 | 紫玥桃 | Linzin-阿哲 | 大H-陳建昕
